<?xml version="1.0" encoding="UTF-8"?>
<!DOCTYPE a661_df SYSTEM "a661.dtd">

<!--
** File E:\Projetos\SCADE_Study\aircraft_tank\Fuel_Management\Simulation\Main_UA_1.df.xml
**
** Automatically generated by SCADE UA DF Generator
** Version 6.7 (build i2)
**
** Date of generation: 2018-10-12T23:13:07
** Command line: E:\SCADE\Suite\SCADE A661\DFGEN67\bin\dfgen.exe -n E:\SCADE\Suite\SCADE Display\config\a661_description\a661.xml -outdir E:\Projetos\SCADE_Study\aircraft_tank\Fuel_Management\Simulation -o Main_UA_1 E:\Projetos\SCADE_Study\aircraft_tank\Display_Tank\FM_Display.sgfx
-->

<a661_df name="Main_UA_1" library_version="1" supp_version="6">
 <model>
  <prop name="ApplicationId" value="1" />
 </model>
 <a661_layer name="a661_layer">
  <model>
   <prop name="LayerId" value="1" />
   <prop name="ContextNumber" value="0" />
   <prop name="Height" value="15360" />
   <prop name="Width" value="15360" />
  </model>
  <a661_widget name="GpRectangle" type="A661_GP_RECTANGLE">
   <model>
    <prop name="WidgetIdent" value="1" />
    <prop name="Anonymous" value="A661_FALSE" />
    <prop name="Visible" value="A661_TRUE" />
    <prop name="PosX" value="200" />
    <prop name="PosY" value="14260" />
    <prop name="SizeX" value="14960" />
    <prop name="SizeY" value="800" />
    <prop name="StyleSet" value="1" />
    <prop name="ColorIndex" value="1" />
    <prop name="Filled" value="A661_TRUE" />
    <prop name="FillIndex" value="74" />
    <prop name="Halo" value="A661_FALSE" />
   </model>
  </a661_widget>
  <a661_widget name="GprTank" type="A661_GP_RECTANGLE">
   <model>
    <prop name="WidgetIdent" value="2" />
    <prop name="Anonymous" value="A661_FALSE" />
    <prop name="Visible" value="A661_TRUE" />
    <prop name="PosX" value="9500" />
    <prop name="PosY" value="2150" />
    <prop name="SizeX" value="5000" />
    <prop name="SizeY" value="10000" />
    <prop name="StyleSet" value="1" />
    <prop name="ColorIndex" value="1" />
    <prop name="Filled" value="A661_TRUE" />
    <prop name="FillIndex" value="0" />
    <prop name="Halo" value="A661_FALSE" />
   </model>
  </a661_widget>
  <a661_widget name="GprFuel" type="A661_GP_RECTANGLE">
   <model>
    <prop name="WidgetIdent" value="3" />
    <prop name="Anonymous" value="A661_FALSE" />
    <prop name="Visible" value="A661_FALSE" />
    <prop name="PosX" value="9550" />
    <prop name="PosY" value="2200" />
    <prop name="SizeX" value="4900" />
    <prop name="SizeY" value="1000" />
    <prop name="StyleSet" value="1" />
    <prop name="ColorIndex" value="74" />
    <prop name="Filled" value="A661_TRUE" />
    <prop name="FillIndex" value="74" />
    <prop name="Halo" value="A661_FALSE" />
   </model>
  </a661_widget>
  <a661_widget name="LbTitle" type="A661_LABEL">
   <model>
    <prop name="WidgetIdent" value="4" />
    <prop name="Anonymous" value="A661_FALSE" />
    <prop name="Visible" value="A661_TRUE" />
    <prop name="PosX" value="5740" />
    <prop name="PosY" value="14250" />
    <prop name="SizeX" value="5000" />
    <prop name="SizeY" value="800" />
    <prop name="RotationAngle" value="0" />
    <prop name="StyleSet" value="1" />
    <prop name="MaxStringLength" value="32" />
    <prop name="MotionAllowed" value="A661_TRUE" />
    <prop name="Font" value="2" />
    <prop name="ColorIndex" value="1" />
    <prop name="Alignment" value="A661_LEFT" />
    <prop name="LabelString" value="Fuel Management" />
   </model>
  </a661_widget>
  <a661_widget name="TbTankStatus" type="A661_TOGGLE_BUTTON">
   <model>
    <prop name="WidgetIdent" value="7" />
    <prop name="Enable" value="A661_TRUE" />
    <prop name="Visible" value="A661_TRUE" />
    <prop name="PosX" value="840" />
    <prop name="PosY" value="12500" />
    <prop name="SizeX" value="3000" />
    <prop name="SizeY" value="800" />
    <prop name="StyleSet" value="110" />
    <prop name="NextFocusedWidget" value="0" />
    <prop name="MaxStringLength" value="32" />
    <prop name="ToggleState" value="A661_UNSELECTED" />
    <prop name="AlternateFlag" value="A661_TRUE" />
    <prop name="AutomaticFocusMotion" value="A661_FALSE" />
    <prop name="Alignment" value="A661_LEFT" />
    <prop name="LabelString" value="Tank Closed" />
    <prop name="AlternateLabelString" value="Tank Open" />
   </model>
  </a661_widget>
  <a661_widget name="CbFuelType" type="A661_COMBO_BOX">
   <model>
    <prop name="WidgetIdent" value="10" />
    <prop name="Enable" value="A661_TRUE" />
    <prop name="Visible" value="A661_TRUE" />
    <prop name="PosX" value="840" />
    <prop name="PosY" value="11020" />
    <prop name="SizeX" value="3000" />
    <prop name="SizeY" value="800" />
    <prop name="SelectingAreaWidth" value="3000" />
    <prop name="SelectingAreaHeight" value="4900" />
    <prop name="StyleSet" value="110" />
    <prop name="NextFocusedWidget" value="0" />
    <prop name="MaxNumberOfEntries" value="16" />
    <prop name="NumberOfEntries" value="4" />
    <prop name="SelectedEntry" value="1" />
    <prop name="MaxStringLength" value="32" />
    <prop name="OpeningEntry" value="1" />
    <prop name="Alignment" value="A661_LEFT" />
    <prop name="OpeningMode" value="A661_OPEN_DOWN" />
    <prop name="AutomaticFocusMotion" value="A661_FALSE" />
    <arrayprop name="EntryList">
     <entry value="Fuel Type" />
     <entry value="Alcohol" />
     <entry value="Diesel" />
     <entry value="Gasoline" />
    </arrayprop>
   </model>
  </a661_widget>
  <a661_widget name="BcTankFull" type="A661_BLINKING_CONTAINER">
   <model>
    <prop name="WidgetIdent" value="6" />
    <prop name="BlinkingType" value="2" />
    <prop name="Visible" value="A661_FALSE" />
   </model>
   <a661_widget name="LbTankFull" type="A661_LABEL">
    <model>
     <prop name="WidgetIdent" value="5" />
     <prop name="Anonymous" value="A661_FALSE" />
     <prop name="Visible" value="A661_TRUE" />
     <prop name="PosX" value="870" />
     <prop name="PosY" value="9400" />
     <prop name="SizeX" value="3000" />
     <prop name="SizeY" value="800" />
     <prop name="RotationAngle" value="0" />
     <prop name="StyleSet" value="1" />
     <prop name="MaxStringLength" value="32" />
     <prop name="MotionAllowed" value="A661_TRUE" />
     <prop name="Font" value="2" />
     <prop name="ColorIndex" value="21" />
     <prop name="Alignment" value="A661_LEFT" />
     <prop name="LabelString" value="Tank Full!" />
    </model>
   </a661_widget>
  </a661_widget>
  <a661_widget name="PbRefuel" type="A661_PUSH_BUTTON">
   <model>
    <prop name="WidgetIdent" value="8" />
    <prop name="Enable" value="A661_TRUE" />
    <prop name="Visible" value="A661_TRUE" />
    <prop name="PosX" value="10550" />
    <prop name="PosY" value="12500" />
    <prop name="SizeX" value="3000" />
    <prop name="SizeY" value="800" />
    <prop name="StyleSet" value="110" />
    <prop name="NextFocusedWidget" value="0" />
    <prop name="MaxStringLength" value="32" />
    <prop name="AutomaticFocusMotion" value="A661_FALSE" />
    <prop name="Alignment" value="A661_LEFT" />
    <prop name="LabelString" value="Refuel" />
   </model>
  </a661_widget>
  <a661_widget name="PbEmptyTank" type="A661_PUSH_BUTTON">
   <model>
    <prop name="WidgetIdent" value="9" />
    <prop name="Enable" value="A661_TRUE" />
    <prop name="Visible" value="A661_TRUE" />
    <prop name="PosX" value="10550" />
    <prop name="PosY" value="1000" />
    <prop name="SizeX" value="3000" />
    <prop name="SizeY" value="800" />
    <prop name="StyleSet" value="112" />
    <prop name="NextFocusedWidget" value="0" />
    <prop name="MaxStringLength" value="32" />
    <prop name="AutomaticFocusMotion" value="A661_FALSE" />
    <prop name="Alignment" value="A661_LEFT" />
    <prop name="LabelString" value="Empty Tank" />
   </model>
  </a661_widget>
 </a661_layer>
</a661_df>

<!--
** End of file
** End of generation: 2018-10-12T23:13:07
-->

